{"cameraMode":{"drawMode":0,"name":"Shaded","section":"Shading Mode"},"sceneLighting":true,"audioPlay":false,"sceneViewState":{"m_AlwaysRefresh":false,"showFog":true,"showSkybox":true,"showFlares":true,"showImageEffects":true,"showParticleSystems":true,"showVisualEffectGraphs":true,"m_FxEnabled":true},"in2DMode":false,"pivot":{"x":53.41804504394531,"y":87.75080108642578,"z":-24.559297561645509},"rotation":{"x":0.005182994529604912,"y":0.9947453737258911,"z":-0.0660579726099968,"w":0.07804910093545914},"size":104.08757019042969,"orthographic":false}